Rating,Review Title,Review,Date,Reviewer
1,Terrible,Crashes on startup. Unusable.,2025-09-18,User635
3,Average,Customer support is slow to respond to my queries.,2026-04-18,User915
3,Average,Customer support is slow to respond to my queries.,2025-12-18,User838
4,Solid,Solid app for KYC but takes too long to approve.,2025-09-13,User104
3,Average,Customer support is slow to respond to my queries.,2026-01-03,User666
4,Solid,Solid app for KYC but takes too long to approve.,2025-12-04,User494
2,Disappointed,Statements are hard to download. Needs improvement.,2026-04-18,User313
4,Solid,Solid app for KYC but takes too long to approve.,2026-01-20,User926
1,Terrible,Crashes on startup. Unusable.,2025-10-10,User964
3,Average,Customer support is slow to respond to my queries.,2026-04-18,User930
3,Average,Customer support is slow to respond to my queries.,2026-02-02,User417
5,Great App,Works perfectly. I use it every day.,2026-04-12,User384
1,Terrible,Crashes on startup. Unusable.,2025-07-28,User966
5,Awesome,The new UI is fantastic and payments are quick.,2025-12-14,User412
5,Awesome,The new UI is fantastic and payments are quick.,2026-02-14,User204
5,Love it,Seamless onboarding process. Very impressed.,2026-05-16,User226
5,Great App,Works perfectly. I use it every day.,2025-07-03,User366
5,Awesome,The new UI is fantastic and payments are quick.,2025-11-14,User633
5,Awesome,The new UI is fantastic and payments are quick.,2025-08-23,User167
1,Terrible,Crashes on startup. Unusable.,2026-01-01,User946
3,Okay,It is okay but could be faster. Can someone at [email] contact me?,2025-06-29,User510
3,Okay,It is okay but could be faster. Can someone at [email] contact me?,2025-09-06,User738
3,Average,Customer support is slow to respond to my queries.,2025-11-21,User412
2,Issues,Having login issues since the latest update. @support please fix.,2025-07-21,User244
4,Good,Good but has some minor bugs.,2025-09-22,User432
4,Solid,Solid app for KYC but takes too long to approve.,2025-11-29,User940
2,Issues,Having login issues since the latest update. @support please fix.,2025-09-17,User434
3,Average,Customer support is slow to respond to my queries.,2025-08-29,User247
4,Good,Good but has some minor bugs.,2026-02-11,User522
4,Solid,Solid app for KYC but takes too long to approve.,2025-05-27,User626
3,Okay,It is okay but could be faster. Can someone at [email] contact me?,2025-10-25,User744
4,Solid,Solid app for KYC but takes too long to approve.,2025-10-29,User477
5,Awesome,The new UI is fantastic and payments are quick.,2026-05-06,User231
3,Okay,It is okay but could be faster. Can someone at [email] contact me?,2025-09-13,User899
1,Terrible,Crashes on startup. Unusable.,2025-06-07,User465
4,Solid,Solid app for KYC but takes too long to approve.,2026-01-07,User431
5,Great App,Works perfectly. I use it every day.,2025-10-06,User632
4,Solid,Solid app for KYC but takes too long to approve.,2025-08-10,User124
5,Awesome,The new UI is fantastic and payments are quick.,2026-04-22,User742
4,Good,Good but has some minor bugs.,2025-06-01,User338
3,Okay,It is okay but could be faster. Can someone at [email] contact me?,2026-02-07,User407
3,Okay,It is okay but could be faster. Can someone at [email] contact me?,2025-11-05,User737
3,Average,Customer support is slow to respond to my queries.,2025-06-22,User206
1,Terrible,Crashes on startup. Unusable.,2025-10-03,User963
4,Solid,Solid app for KYC but takes too long to approve.,2026-05-08,User696
3,Average,Customer support is slow to respond to my queries.,2025-07-25,User571
2,Disappointed,Statements are hard to download. Needs improvement.,2025-05-27,User302
2,Disappointed,Statements are hard to download. Needs improvement.,2025-07-21,User128
1,Terrible,Crashes on startup. Unusable.,2025-09-24,User500
3,Average,Customer support is slow to respond to my queries.,2026-01-25,User982
5,Love it,Seamless onboarding process. Very impressed.,2025-06-05,User326
4,Good,Good but has some minor bugs.,2025-07-25,User833
3,Average,Customer support is slow to respond to my queries.,2025-11-21,User989
2,Issues,Having login issues since the latest update. @support please fix.,2025-11-06,User881
4,Good,Good but has some minor bugs.,2025-11-01,User147
2,Issues,Having login issues since the latest update. @support please fix.,2025-09-28,User741
5,Great App,Works perfectly. I use it every day.,2025-06-02,User246
4,Solid,Solid app for KYC but takes too long to approve.,2025-12-05,User837
5,Awesome,The new UI is fantastic and payments are quick.,2026-04-21,User254
5,Great App,Works perfectly. I use it every day.,2025-10-16,User329
2,Issues,Having login issues since the latest update. @support please fix.,2025-09-15,User440
4,Good,Good but has some minor bugs.,2025-12-10,User489
5,Awesome,The new UI is fantastic and payments are quick.,2026-04-26,User849
5,Awesome,The new UI is fantastic and payments are quick.,2026-03-04,User512
5,Great App,Works perfectly. I use it every day.,2026-03-06,User447
5,Love it,Seamless onboarding process. Very impressed.,2026-02-18,User311
3,Okay,It is okay but could be faster. Can someone at [email] contact me?,2025-12-01,User505
5,Great App,Works perfectly. I use it every day.,2025-06-08,User374
5,Great App,Works perfectly. I use it every day.,2025-09-22,User533
3,Average,Customer support is slow to respond to my queries.,2025-06-24,User888
2,Disappointed,Statements are hard to download. Needs improvement.,2026-02-08,User112
2,Issues,Having login issues since the latest update. @support please fix.,2025-06-14,User568
4,Good,Good but has some minor bugs.,2026-03-16,User393
1,Terrible,Crashes on startup. Unusable.,2025-06-12,User468
3,Average,Customer support is slow to respond to my queries.,2025-05-26,User666
4,Solid,Solid app for KYC but takes too long to approve.,2025-09-30,User979
4,Solid,Solid app for KYC but takes too long to approve.,2026-01-15,User442
1,Terrible,Crashes on startup. Unusable.,2026-02-18,User724
4,Good,Good but has some minor bugs.,2025-06-26,User568
3,Average,Customer support is slow to respond to my queries.,2026-03-03,User999
4,Solid,Solid app for KYC but takes too long to approve.,2025-10-06,User356
4,Good,Good but has some minor bugs.,2025-10-10,User200
2,Issues,Having login issues since the latest update. @support please fix.,2026-03-14,User777
5,Love it,Seamless onboarding process. Very impressed.,2026-03-17,User112
3,Average,Customer support is slow to respond to my queries.,2025-11-13,User928
5,Love it,Seamless onboarding process. Very impressed.,2025-07-25,User329
5,Great App,Works perfectly. I use it every day.,2026-02-04,User978
4,Solid,Solid app for KYC but takes too long to approve.,2025-10-22,User155
2,Disappointed,Statements are hard to download. Needs improvement.,2025-11-11,User815
2,Disappointed,Statements are hard to download. Needs improvement.,2026-05-12,User333
5,Love it,Seamless onboarding process. Very impressed.,2026-03-19,User761
2,Disappointed,Statements are hard to download. Needs improvement.,2025-06-27,User463
5,Great App,Works perfectly. I use it every day.,2025-12-11,User696
1,Terrible,Crashes on startup. Unusable.,2025-12-10,User235
2,Issues,Having login issues since the latest update. @support please fix.,2026-04-09,User577
2,Issues,Having login issues since the latest update. @support please fix.,2026-04-15,User591
2,Disappointed,Statements are hard to download. Needs improvement.,2025-10-14,User884
5,Awesome,The new UI is fantastic and payments are quick.,2026-01-25,User793
5,Great App,Works perfectly. I use it every day.,2025-10-13,User472
3,Average,Customer support is slow to respond to my queries.,2025-12-14,User557
5,Great App,Works perfectly. I use it every day.,2025-06-05,User580
1,Terrible,Crashes on startup. Unusable.,2025-06-19,User631
4,Good,Good but has some minor bugs.,2025-07-18,User407
5,Love it,Seamless onboarding process. Very impressed.,2025-06-16,User656
3,Okay,It is okay but could be faster. Can someone at [email] contact me?,2025-07-03,User441
1,Terrible,Crashes on startup. Unusable.,2025-11-01,User899
4,Good,Good but has some minor bugs.,2026-04-30,User670
3,Okay,It is okay but could be faster. Can someone at [email] contact me?,2026-04-11,User829
2,Issues,Having login issues since the latest update. @support please fix.,2025-09-16,User429
3,Average,Customer support is slow to respond to my queries.,2025-08-04,User194
5,Love it,Seamless onboarding process. Very impressed.,2026-03-16,User336
5,Love it,Seamless onboarding process. Very impressed.,2026-04-01,User135
5,Love it,Seamless onboarding process. Very impressed.,2025-12-29,User686
5,Great App,Works perfectly. I use it every day.,2025-09-19,User385
2,Issues,Having login issues since the latest update. @support please fix.,2025-05-31,User723
2,Disappointed,Statements are hard to download. Needs improvement.,2025-08-23,User744
2,Disappointed,Statements are hard to download. Needs improvement.,2026-03-09,User388
4,Good,Good but has some minor bugs.,2025-11-22,User817
3,Average,Customer support is slow to respond to my queries.,2025-06-26,User744
2,Disappointed,Statements are hard to download. Needs improvement.,2026-02-28,User771
2,Disappointed,Statements are hard to download. Needs improvement.,2025-05-21,User602
5,Great App,Works perfectly. I use it every day.,2026-03-28,User622
1,Terrible,Crashes on startup. Unusable.,2025-11-02,User524
4,Solid,Solid app for KYC but takes too long to approve.,2025-11-17,User411
3,Average,Customer support is slow to respond to my queries.,2025-12-04,User118
2,Disappointed,Statements are hard to download. Needs improvement.,2025-07-16,User346
2,Disappointed,Statements are hard to download. Needs improvement.,2026-02-08,User545
5,Awesome,The new UI is fantastic and payments are quick.,2025-10-06,User237
5,Awesome,The new UI is fantastic and payments are quick.,2025-12-11,User107
4,Solid,Solid app for KYC but takes too long to approve.,2026-02-21,User983
4,Solid,Solid app for KYC but takes too long to approve.,2025-08-20,User181
3,Okay,It is okay but could be faster. Can someone at [email] contact me?,2026-05-15,User882
2,Disappointed,Statements are hard to download. Needs improvement.,2025-08-11,User233
5,Great App,Works perfectly. I use it every day.,2025-07-07,User335
2,Issues,Having login issues since the latest update. @support please fix.,2026-02-07,User552
5,Love it,Seamless onboarding process. Very impressed.,2026-02-03,User685
1,Terrible,Crashes on startup. Unusable.,2025-05-18,User702
3,Okay,It is okay but could be faster. Can someone at [email] contact me?,2026-05-11,User224
3,Average,Customer support is slow to respond to my queries.,2026-03-22,User730
5,Love it,Seamless onboarding process. Very impressed.,2025-09-30,User150
3,Okay,It is okay but could be faster. Can someone at [email] contact me?,2026-02-17,User799
2,Disappointed,Statements are hard to download. Needs improvement.,2025-12-09,User245
5,Love it,Seamless onboarding process. Very impressed.,2026-03-11,User488
4,Good,Good but has some minor bugs.,2025-09-07,User925
4,Good,Good but has some minor bugs.,2025-10-25,User411
5,Love it,Seamless onboarding process. Very impressed.,2025-10-31,User294
5,Love it,Seamless onboarding process. Very impressed.,2025-08-17,User374
5,Love it,Seamless onboarding process. Very impressed.,2025-11-22,User571
2,Disappointed,Statements are hard to download. Needs improvement.,2025-07-12,User410
2,Disappointed,Statements are hard to download. Needs improvement.,2025-09-28,User869
4,Good,Good but has some minor bugs.,2025-07-29,User823
3,Okay,It is okay but could be faster. Can someone at [email] contact me?,2026-04-05,User468
3,Okay,It is okay but could be faster. Can someone at [email] contact me?,2025-07-25,User513
3,Average,Customer support is slow to respond to my queries.,2025-12-25,User411
1,Terrible,Crashes on startup. Unusable.,2025-10-07,User300
4,Solid,Solid app for KYC but takes too long to approve.,2025-07-10,User394
2,Issues,Having login issues since the latest update. @support please fix.,2026-03-16,User499
4,Solid,Solid app for KYC but takes too long to approve.,2026-01-11,User276
5,Love it,Seamless onboarding process. Very impressed.,2025-06-15,User524
1,Terrible,Crashes on startup. Unusable.,2026-03-07,User606
3,Average,Customer support is slow to respond to my queries.,2026-03-14,User170
4,Solid,Solid app for KYC but takes too long to approve.,2025-07-23,User673
2,Disappointed,Statements are hard to download. Needs improvement.,2025-10-18,User391
3,Average,Customer support is slow to respond to my queries.,2026-02-02,User801
2,Disappointed,Statements are hard to download. Needs improvement.,2025-11-10,User500
2,Issues,Having login issues since the latest update. @support please fix.,2026-03-16,User421
3,Okay,It is okay but could be faster. Can someone at [email] contact me?,2025-09-20,User679
2,Issues,Having login issues since the latest update. @support please fix.,2026-04-16,User169
2,Disappointed,Statements are hard to download. Needs improvement.,2025-06-23,User235
1,Terrible,Crashes on startup. Unusable.,2026-02-21,User135
1,Terrible,Crashes on startup. Unusable.,2025-09-05,User658
4,Good,Good but has some minor bugs.,2025-06-19,User907
3,Average,Customer support is slow to respond to my queries.,2025-06-26,User309
5,Love it,Seamless onboarding process. Very impressed.,2025-11-06,User544
5,Awesome,The new UI is fantastic and payments are quick.,2025-07-03,User164
5,Love it,Seamless onboarding process. Very impressed.,2025-07-14,User656
5,Awesome,The new UI is fantastic and payments are quick.,2025-08-23,User212
5,Love it,Seamless onboarding process. Very impressed.,2025-06-06,User389
3,Okay,It is okay but could be faster. Can someone at [email] contact me?,2025-11-11,User948
5,Awesome,The new UI is fantastic and payments are quick.,2026-05-03,User298
2,Issues,Having login issues since the latest update. @support please fix.,2026-01-05,User407
4,Good,Good but has some minor bugs.,2025-09-11,User170
4,Solid,Solid app for KYC but takes too long to approve.,2025-10-31,User597
5,Love it,Seamless onboarding process. Very impressed.,2026-03-02,User406
4,Good,Good but has some minor bugs.,2025-05-18,User711
2,Disappointed,Statements are hard to download. Needs improvement.,2026-04-16,User905
5,Great App,Works perfectly. I use it every day.,2026-03-11,User724
2,Disappointed,Statements are hard to download. Needs improvement.,2026-01-27,User805
2,Issues,Having login issues since the latest update. @support please fix.,2026-01-15,User644
2,Disappointed,Statements are hard to download. Needs improvement.,2026-04-14,User362
1,Terrible,Crashes on startup. Unusable.,2025-11-20,User779
2,Disappointed,Statements are hard to download. Needs improvement.,2026-01-28,User693
2,Issues,Having login issues since the latest update. @support please fix.,2025-12-22,User691
2,Disappointed,Statements are hard to download. Needs improvement.,2025-09-24,User950
3,Average,Customer support is slow to respond to my queries.,2026-03-20,User549
5,Great App,Works perfectly. I use it every day.,2025-12-17,User967
5,Awesome,The new UI is fantastic and payments are quick.,2025-10-18,User129
2,Issues,Having login issues since the latest update. @support please fix.,2026-01-02,User871
1,Terrible,Crashes on startup. Unusable.,2026-01-30,User780
1,Terrible,Crashes on startup. Unusable.,2026-05-02,User947
5,Awesome,The new UI is fantastic and payments are quick.,2025-12-20,User661
2,Disappointed,Statements are hard to download. Needs improvement.,2025-07-15,User671
2,Issues,Having login issues since the latest update. @support please fix.,2025-07-21,User876
5,Great App,Works perfectly. I use it every day.,2026-01-19,User554
2,Disappointed,Statements are hard to download. Needs improvement.,2025-07-24,User716
3,Average,Customer support is slow to respond to my queries.,2026-04-05,User842
3,Okay,It is okay but could be faster. Can someone at [email] contact me?,2026-02-17,User644
4,Good,Good but has some minor bugs.,2025-06-18,User849
3,Okay,It is okay but could be faster. Can someone at [email] contact me?,2026-04-22,User365
3,Average,Customer support is slow to respond to my queries.,2025-10-02,User371
2,Disappointed,Statements are hard to download. Needs improvement.,2026-04-15,User449
2,Disappointed,Statements are hard to download. Needs improvement.,2025-08-19,User179
3,Okay,It is okay but could be faster. Can someone at [email] contact me?,2025-07-03,User299
4,Solid,Solid app for KYC but takes too long to approve.,2025-09-27,User295
3,Average,Customer support is slow to respond to my queries.,2026-03-30,User398
3,Average,Customer support is slow to respond to my queries.,2026-03-29,User713
3,Average,Customer support is slow to respond to my queries.,2025-11-15,User408
5,Great App,Works perfectly. I use it every day.,2025-11-10,User332
3,Average,Customer support is slow to respond to my queries.,2026-04-17,User560
5,Awesome,The new UI is fantastic and payments are quick.,2025-09-05,User386
2,Issues,Having login issues since the latest update. @support please fix.,2025-05-24,User525
2,Disappointed,Statements are hard to download. Needs improvement.,2025-08-26,User741
1,Terrible,Crashes on startup. Unusable.,2025-05-23,User560
3,Okay,It is okay but could be faster. Can someone at [email] contact me?,2025-10-09,User894
2,Issues,Having login issues since the latest update. @support please fix.,2025-08-31,User377
3,Average,Customer support is slow to respond to my queries.,2025-12-18,User448
3,Okay,It is okay but could be faster. Can someone at [email] contact me?,2025-07-06,User153
4,Solid,Solid app for KYC but takes too long to approve.,2025-12-08,User446
2,Issues,Having login issues since the latest update. @support please fix.,2025-07-26,User465
2,Issues,Having login issues since the latest update. @support please fix.,2025-08-13,User535
5,Great App,Works perfectly. I use it every day.,2025-07-17,User262
2,Issues,Having login issues since the latest update. @support please fix.,2026-05-05,User478
5,Great App,Works perfectly. I use it every day.,2025-09-19,User620
2,Issues,Having login issues since the latest update. @support please fix.,2025-05-26,User714
1,Terrible,Crashes on startup. Unusable.,2025-05-29,User387
4,Good,Good but has some minor bugs.,2026-05-11,User102
1,Terrible,Crashes on startup. Unusable.,2025-07-04,User514
4,Good,Good but has some minor bugs.,2025-07-02,User984
5,Great App,Works perfectly. I use it every day.,2025-05-26,User981
2,Issues,Having login issues since the latest update. @support please fix.,2025-05-20,User608
1,Terrible,Crashes on startup. Unusable.,2026-01-18,User485
5,Great App,Works perfectly. I use it every day.,2025-12-30,User663
4,Good,Good but has some minor bugs.,2026-04-05,User181
4,Good,Good but has some minor bugs.,2026-02-10,User278
4,Solid,Solid app for KYC but takes too long to approve.,2026-02-13,User752
5,Love it,Seamless onboarding process. Very impressed.,2025-11-01,User334
5,Love it,Seamless onboarding process. Very impressed.,2025-10-12,User585
4,Good,Good but has some minor bugs.,2025-12-16,User846
1,Terrible,Crashes on startup. Unusable.,2025-12-03,User594
5,Great App,Works perfectly. I use it every day.,2026-01-28,User980
2,Issues,Having login issues since the latest update. @support please fix.,2026-03-02,User972
5,Love it,Seamless onboarding process. Very impressed.,2025-06-04,User774
2,Disappointed,Statements are hard to download. Needs improvement.,2025-08-25,User951
4,Good,Good but has some minor bugs.,2025-11-24,User215
2,Disappointed,Statements are hard to download. Needs improvement.,2026-01-03,User257
3,Okay,It is okay but could be faster. Can someone at [email] contact me?,2025-12-31,User625
1,Terrible,Crashes on startup. Unusable.,2025-09-23,User326
3,Okay,It is okay but could be faster. Can someone at [email] contact me?,2026-01-16,User322
3,Average,Customer support is slow to respond to my queries.,2026-01-13,User979
3,Okay,It is okay but could be faster. Can someone at [email] contact me?,2026-01-01,User335
1,Terrible,Crashes on startup. Unusable.,2026-01-28,User186
5,Love it,Seamless onboarding process. Very impressed.,2026-01-06,User786
5,Love it,Seamless onboarding process. Very impressed.,2025-11-24,User850
1,Terrible,Crashes on startup. Unusable.,2026-02-11,User367
5,Love it,Seamless onboarding process. Very impressed.,2026-03-03,User336
3,Okay,It is okay but could be faster. Can someone at [email] contact me?,2025-07-19,User588
4,Solid,Solid app for KYC but takes too long to approve.,2025-11-25,User492
5,Great App,Works perfectly. I use it every day.,2025-10-06,User753
3,Average,Customer support is slow to respond to my queries.,2026-01-20,User233
2,Disappointed,Statements are hard to download. Needs improvement.,2025-10-26,User291
3,Average,Customer support is slow to respond to my queries.,2026-01-31,User688
1,Terrible,Crashes on startup. Unusable.,2025-12-12,User814
4,Good,Good but has some minor bugs.,2026-02-14,User755
3,Average,Customer support is slow to respond to my queries.,2026-03-17,User427
2,Issues,Having login issues since the latest update. @support please fix.,2025-06-21,User665
5,Love it,Seamless onboarding process. Very impressed.,2025-11-06,User927
3,Average,Customer support is slow to respond to my queries.,2025-10-27,User553
5,Love it,Seamless onboarding process. Very impressed.,2025-07-10,User651
5,Great App,Works perfectly. I use it every day.,2025-07-24,User337
1,Terrible,Crashes on startup. Unusable.,2025-07-15,User751
4,Good,Good but has some minor bugs.,2025-11-23,User286
3,Average,Customer support is slow to respond to my queries.,2025-05-23,User732
3,Okay,It is okay but could be faster. Can someone at [email] contact me?,2026-04-22,User614
4,Good,Good but has some minor bugs.,2025-07-21,User553
5,Love it,Seamless onboarding process. Very impressed.,2025-06-15,User615
3,Okay,It is okay but could be faster. Can someone at [email] contact me?,2025-07-08,User551
5,Love it,Seamless onboarding process. Very impressed.,2026-01-23,User703
2,Issues,Having login issues since the latest update. @support please fix.,2026-04-14,User651
3,Okay,It is okay but could be faster. Can someone at [email] contact me?,2025-10-28,User552
3,Okay,It is okay but could be faster. Can someone at [email] contact me?,2025-09-30,User107
1,Terrible,Crashes on startup. Unusable.,2025-05-31,User972
4,Good,Good but has some minor bugs.,2026-03-20,User316
2,Issues,Having login issues since the latest update. @support please fix.,2025-12-11,User687
4,Good,Good but has some minor bugs.,2025-10-31,User708
2,Disappointed,Statements are hard to download. Needs improvement.,2025-11-28,User706
5,Great App,Works perfectly. I use it every day.,2026-01-10,User860
4,Solid,Solid app for KYC but takes too long to approve.,2026-02-26,User287
5,Awesome,The new UI is fantastic and payments are quick.,2025-10-11,User814
2,Disappointed,Statements are hard to download. Needs improvement.,2025-07-23,User800
5,Awesome,The new UI is fantastic and payments are quick.,2025-07-11,User439
2,Issues,Having login issues since the latest update. @support please fix.,2026-03-03,User879
3,Average,Customer support is slow to respond to my queries.,2025-12-06,User956
5,Love it,Seamless onboarding process. Very impressed.,2025-10-26,User353
5,Great App,Works perfectly. I use it every day.,2026-04-23,User736
2,Disappointed,Statements are hard to download. Needs improvement.,2026-02-10,User449
3,Average,Customer support is slow to respond to my queries.,2026-04-05,User467
2,Issues,Having login issues since the latest update. @support please fix.,2026-01-19,User826
4,Good,Good but has some minor bugs.,2025-08-11,User511
4,Solid,Solid app for KYC but takes too long to approve.,2025-11-17,User104
5,Great App,Works perfectly. I use it every day.,2025-12-19,User453
5,Great App,Works perfectly. I use it every day.,2025-07-15,User118
2,Disappointed,Statements are hard to download. Needs improvement.,2025-06-09,User404
5,Love it,Seamless onboarding process. Very impressed.,2026-03-23,User739
3,Okay,It is okay but could be faster. Can someone at [email] contact me?,2025-08-06,User408
5,Awesome,The new UI is fantastic and payments are quick.,2025-06-04,User103
3,Average,Customer support is slow to respond to my queries.,2025-07-10,User390
5,Love it,Seamless onboarding process. Very impressed.,2026-04-29,User239
2,Disappointed,Statements are hard to download. Needs improvement.,2026-04-28,User838
5,Awesome,The new UI is fantastic and payments are quick.,2026-03-06,User787
5,Love it,Seamless onboarding process. Very impressed.,2026-05-11,User886
4,Good,Good but has some minor bugs.,2026-01-19,User696
1,Terrible,Crashes on startup. Unusable.,2026-01-09,User559
2,Issues,Having login issues since the latest update. @support please fix.,2025-12-27,User475
4,Good,Good but has some minor bugs.,2026-01-29,User622
2,Issues,Having login issues since the latest update. @support please fix.,2025-08-09,User596
3,Average,Customer support is slow to respond to my queries.,2025-12-24,User295
3,Average,Customer support is slow to respond to my queries.,2025-06-05,User422
4,Solid,Solid app for KYC but takes too long to approve.,2025-09-26,User158
2,Issues,Having login issues since the latest update. @support please fix.,2025-09-22,User127
1,Terrible,Crashes on startup. Unusable.,2025-11-18,User417
5,Love it,Seamless onboarding process. Very impressed.,2025-07-20,User909
5,Love it,Seamless onboarding process. Very impressed.,2026-05-07,User807
4,Solid,Solid app for KYC but takes too long to approve.,2026-04-23,User309
5,Great App,Works perfectly. I use it every day.,2026-04-28,User923
4,Good,Good but has some minor bugs.,2025-05-30,User835
5,Great App,Works perfectly. I use it every day.,2025-11-07,User408
5,Love it,Seamless onboarding process. Very impressed.,2026-04-28,User921
3,Average,Customer support is slow to respond to my queries.,2025-09-13,User522
5,Love it,Seamless onboarding process. Very impressed.,2025-08-12,User932
1,Terrible,Crashes on startup. Unusable.,2026-02-05,User727
2,Issues,Having login issues since the latest update. @support please fix.,2025-10-29,User242
4,Solid,Solid app for KYC but takes too long to approve.,2025-09-03,User442
2,Issues,Having login issues since the latest update. @support please fix.,2026-01-22,User805
3,Average,Customer support is slow to respond to my queries.,2025-09-15,User438
2,Issues,Having login issues since the latest update. @support please fix.,2025-11-06,User867
1,Terrible,Crashes on startup. Unusable.,2025-05-26,User280
3,Okay,It is okay but could be faster. Can someone at [email] contact me?,2025-10-30,User644
3,Okay,It is okay but could be faster. Can someone at [email] contact me?,2026-01-26,User563
4,Solid,Solid app for KYC but takes too long to approve.,2026-04-10,User621
5,Love it,Seamless onboarding process. Very impressed.,2026-02-18,User341
5,Awesome,The new UI is fantastic and payments are quick.,2025-12-11,User539
1,Terrible,Crashes on startup. Unusable.,2026-01-05,User446
1,Terrible,Crashes on startup. Unusable.,2025-09-05,User935
5,Love it,Seamless onboarding process. Very impressed.,2026-03-17,User144
5,Great App,Works perfectly. I use it every day.,2025-06-11,User855
1,Terrible,Crashes on startup. Unusable.,2025-09-07,User526
5,Love it,Seamless onboarding process. Very impressed.,2025-05-18,User160
4,Good,Good but has some minor bugs.,2025-08-30,User470
5,Awesome,The new UI is fantastic and payments are quick.,2025-11-17,User233
5,Love it,Seamless onboarding process. Very impressed.,2025-09-19,User680
3,Average,Customer support is slow to respond to my queries.,2025-07-23,User800
3,Okay,It is okay but could be faster. Can someone at [email] contact me?,2025-07-21,User790
2,Disappointed,Statements are hard to download. Needs improvement.,2026-01-14,User398
5,Great App,Works perfectly. I use it every day.,2026-04-24,User714
1,Terrible,Crashes on startup. Unusable.,2025-10-28,User113
3,Okay,It is okay but could be faster. Can someone at [email] contact me?,2025-06-02,User789
5,Great App,Works perfectly. I use it every day.,2025-11-10,User583
4,Solid,Solid app for KYC but takes too long to approve.,2025-06-29,User616
2,Disappointed,Statements are hard to download. Needs improvement.,2025-12-06,User355
4,Good,Good but has some minor bugs.,2025-07-08,User200
3,Average,Customer support is slow to respond to my queries.,2025-10-09,User747
4,Solid,Solid app for KYC but takes too long to approve.,2025-07-26,User440
5,Great App,Works perfectly. I use it every day.,2026-04-12,User485
5,Love it,Seamless onboarding process. Very impressed.,2025-12-03,User144
4,Good,Good but has some minor bugs.,2025-05-30,User666
4,Solid,Solid app for KYC but takes too long to approve.,2025-06-30,User728
4,Solid,Solid app for KYC but takes too long to approve.,2025-12-26,User135
3,Average,Customer support is slow to respond to my queries.,2025-12-02,User816
2,Disappointed,Statements are hard to download. Needs improvement.,2026-04-09,User238
1,Terrible,Crashes on startup. Unusable.,2026-02-19,User960
2,Issues,Having login issues since the latest update. @support please fix.,2026-01-16,User430
3,Average,Customer support is slow to respond to my queries.,2026-04-26,User777
5,Awesome,The new UI is fantastic and payments are quick.,2025-10-15,User223
5,Love it,Seamless onboarding process. Very impressed.,2026-05-10,User619
5,Love it,Seamless onboarding process. Very impressed.,2026-03-09,User735
2,Issues,Having login issues since the latest update. @support please fix.,2026-01-04,User441
3,Okay,It is okay but could be faster. Can someone at [email] contact me?,2025-08-27,User782
3,Average,Customer support is slow to respond to my queries.,2026-01-15,User687
1,Terrible,Crashes on startup. Unusable.,2026-02-14,User366
4,Solid,Solid app for KYC but takes too long to approve.,2026-01-22,User183
5,Awesome,The new UI is fantastic and payments are quick.,2025-11-19,User449
2,Disappointed,Statements are hard to download. Needs improvement.,2026-01-30,User251
4,Good,Good but has some minor bugs.,2026-03-20,User574
3,Okay,It is okay but could be faster. Can someone at [email] contact me?,2025-06-13,User893
1,Terrible,Crashes on startup. Unusable.,2026-01-14,User257
5,Great App,Works perfectly. I use it every day.,2025-10-20,User493
3,Okay,It is okay but could be faster. Can someone at [email] contact me?,2025-09-16,User576
4,Solid,Solid app for KYC but takes too long to approve.,2026-03-12,User884
2,Issues,Having login issues since the latest update. @support please fix.,2026-05-04,User145
5,Great App,Works perfectly. I use it every day.,2025-10-12,User309
3,Okay,It is okay but could be faster. Can someone at [email] contact me?,2025-07-29,User840
4,Good,Good but has some minor bugs.,2026-04-25,User613
5,Awesome,The new UI is fantastic and payments are quick.,2026-02-14,User658
2,Disappointed,Statements are hard to download. Needs improvement.,2025-11-22,User645
2,Disappointed,Statements are hard to download. Needs improvement.,2025-05-19,User302
2,Disappointed,Statements are hard to download. Needs improvement.,2026-01-26,User128
1,Terrible,Crashes on startup. Unusable.,2026-02-28,User468
3,Okay,It is okay but could be faster. Can someone at [email] contact me?,2026-03-30,User165
1,Terrible,Crashes on startup. Unusable.,2026-03-09,User665
2,Disappointed,Statements are hard to download. Needs improvement.,2025-06-11,User130
5,Love it,Seamless onboarding process. Very impressed.,2025-09-13,User598
4,Solid,Solid app for KYC but takes too long to approve.,2025-08-15,User255
2,Issues,Having login issues since the latest update. @support please fix.,2025-09-21,User968
1,Terrible,Crashes on startup. Unusable.,2026-01-12,User473
1,Terrible,Crashes on startup. Unusable.,2025-10-21,User949
5,Great App,Works perfectly. I use it every day.,2025-11-02,User423
1,Terrible,Crashes on startup. Unusable.,2025-09-26,User228
3,Average,Customer support is slow to respond to my queries.,2026-01-29,User134
5,Great App,Works perfectly. I use it every day.,2025-05-21,User806
2,Issues,Having login issues since the latest update. @support please fix.,2026-01-04,User655
2,Issues,Having login issues since the latest update. @support please fix.,2026-01-28,User678
3,Okay,It is okay but could be faster. Can someone at [email] contact me?,2025-12-09,User146
5,Love it,Seamless onboarding process. Very impressed.,2025-08-06,User914
4,Solid,Solid app for KYC but takes too long to approve.,2026-04-19,User631
3,Okay,It is okay but could be faster. Can someone at [email] contact me?,2025-12-04,User871
5,Great App,Works perfectly. I use it every day.,2025-09-12,User361
5,Love it,Seamless onboarding process. Very impressed.,2025-12-01,User144
3,Average,Customer support is slow to respond to my queries.,2025-10-10,User267
4,Solid,Solid app for KYC but takes too long to approve.,2026-03-29,User931
4,Good,Good but has some minor bugs.,2025-08-13,User690
3,Okay,It is okay but could be faster. Can someone at [email] contact me?,2025-05-26,User172
4,Good,Good but has some minor bugs.,2025-11-07,User984
5,Love it,Seamless onboarding process. Very impressed.,2026-05-16,User831
5,Great App,Works perfectly. I use it every day.,2025-12-23,User499
3,Average,Customer support is slow to respond to my queries.,2025-12-14,User444
4,Solid,Solid app for KYC but takes too long to approve.,2026-02-08,User163
4,Solid,Solid app for KYC but takes too long to approve.,2025-07-29,User893
4,Solid,Solid app for KYC but takes too long to approve.,2026-03-07,User129
2,Disappointed,Statements are hard to download. Needs improvement.,2025-12-03,User137
3,Average,Customer support is slow to respond to my queries.,2025-08-29,User343
2,Issues,Having login issues since the latest update. @support please fix.,2025-12-28,User243
4,Solid,Solid app for KYC but takes too long to approve.,2026-04-03,User567
2,Issues,Having login issues since the latest update. @support please fix.,2026-02-23,User168
5,Great App,Works perfectly. I use it every day.,2025-11-01,User619
4,Solid,Solid app for KYC but takes too long to approve.,2025-08-06,User941
3,Average,Customer support is slow to respond to my queries.,2025-07-07,User840
5,Awesome,The new UI is fantastic and payments are quick.,2025-06-02,User444
3,Okay,It is okay but could be faster. Can someone at [email] contact me?,2026-02-20,User793
3,Okay,It is okay but could be faster. Can someone at [email] contact me?,2025-07-21,User708
2,Issues,Having login issues since the latest update. @support please fix.,2026-02-02,User951
2,Disappointed,Statements are hard to download. Needs improvement.,2025-09-16,User959
5,Great App,Works perfectly. I use it every day.,2026-04-20,User177
5,Great App,Works perfectly. I use it every day.,2025-06-15,User351
5,Great App,Works perfectly. I use it every day.,2026-02-03,User907
4,Good,Good but has some minor bugs.,2026-05-01,User527
2,Issues,Having login issues since the latest update. @support please fix.,2025-10-12,User575
1,Terrible,Crashes on startup. Unusable.,2025-11-20,User565
4,Good,Good but has some minor bugs.,2025-07-26,User110
4,Good,Good but has some minor bugs.,2025-10-15,User563
3,Average,Customer support is slow to respond to my queries.,2026-04-03,User150
3,Average,Customer support is slow to respond to my queries.,2026-04-22,User847
1,Terrible,Crashes on startup. Unusable.,2026-04-22,User191
4,Good,Good but has some minor bugs.,2025-09-15,User551
2,Disappointed,Statements are hard to download. Needs improvement.,2026-04-10,User634
4,Solid,Solid app for KYC but takes too long to approve.,2025-06-30,User508
5,Great App,Works perfectly. I use it every day.,2025-12-13,User404
1,Terrible,Crashes on startup. Unusable.,2026-02-26,User270
5,Awesome,The new UI is fantastic and payments are quick.,2025-09-30,User621
4,Good,Good but has some minor bugs.,2026-03-17,User762
4,Solid,Solid app for KYC but takes too long to approve.,2026-03-21,User129
2,Disappointed,Statements are hard to download. Needs improvement.,2026-04-22,User770
3,Okay,It is okay but could be faster. Can someone at [email] contact me?,2026-05-13,User543
5,Great App,Works perfectly. I use it every day.,2025-11-02,User811
3,Okay,It is okay but could be faster. Can someone at [email] contact me?,2025-07-26,User113
2,Issues,Having login issues since the latest update. @support please fix.,2025-10-17,User680
4,Solid,Solid app for KYC but takes too long to approve.,2025-07-10,User427
2,Issues,Having login issues since the latest update. @support please fix.,2025-08-10,User160
5,Awesome,The new UI is fantastic and payments are quick.,2025-09-25,User253
1,Terrible,Crashes on startup. Unusable.,2025-06-10,User390
5,Great App,Works perfectly. I use it every day.,2025-11-26,User655
5,Love it,Seamless onboarding process. Very impressed.,2025-09-30,User168
4,Good,Good but has some minor bugs.,2025-10-27,User147
2,Disappointed,Statements are hard to download. Needs improvement.,2025-10-23,User397
2,Issues,Having login issues since the latest update. @support please fix.,2025-12-18,User231
3,Average,Customer support is slow to respond to my queries.,2025-10-07,User114
5,Awesome,The new UI is fantastic and payments are quick.,2026-04-01,User267
1,Terrible,Crashes on startup. Unusable.,2026-03-13,User253
3,Average,Customer support is slow to respond to my queries.,2025-11-28,User545
2,Issues,Having login issues since the latest update. @support please fix.,2025-08-26,User411
4,Solid,Solid app for KYC but takes too long to approve.,2025-10-15,User222
5,Awesome,The new UI is fantastic and payments are quick.,2026-05-05,User563
4,Good,Good but has some minor bugs.,2026-02-01,User645
5,Great App,Works perfectly. I use it every day.,2025-08-17,User664
4,Good,Good but has some minor bugs.,2025-06-20,User249
5,Awesome,The new UI is fantastic and payments are quick.,2025-12-05,User635
4,Solid,Solid app for KYC but takes too long to approve.,2026-04-14,User739
5,Love it,Seamless onboarding process. Very impressed.,2026-01-14,User620
2,Disappointed,Statements are hard to download. Needs improvement.,2026-04-08,User512
2,Issues,Having login issues since the latest update. @support please fix.,2026-04-09,User330
2,Issues,Having login issues since the latest update. @support please fix.,2025-12-16,User407
